{
    "2": {
        "quality": 0.29411764705882354,
        "cost": 7.6,
        "efficiency": 0.03869969040247678
    },
    "3": {
        "quality": 0.047619047619047616,
        "cost": 3197.8,
        "efficiency": 1.4891190074128344e-05
    },
    "4": {
        "quality": 0.00830564784053156,
        "cost": 13452.0,
        "efficiency": 6.174284746157866e-07
    },
    "5": {
        "quality": 0.003644314868804665,
        "cost": 253725.2,
        "efficiency": 1.4363235771632714e-08
    },
    "6": {
        "quality": 0.002583979328165375,
        "cost": 433519.5,
        "efficiency": 5.9604685098718155e-09
    },
    "7": {
        "quality": 0.0018050541516245488,
        "cost": 548205.0,
        "efficiency": 3.2926626930154756e-09
    }
}